label,Unnamed: 0,bow_wt,bow_stem,bow_lem,wt_codecoverage,stem_codecoverage,lem_codecoverage,wt_Course_Outline_[EECS2311]_content,stem_Course_Outline_[EECS2311]_content,lem_Course_Outline_[EECS2311]_content,wt_Course_Outline_[EECS2311]_week_10_due,stem_Course_Outline_[EECS2311]_week_10_due,lem_Course_Outline_[EECS2311]_week_10_due,wt_Course_Outline_[EECS2311]_week_10_lab_tasks,stem_Course_Outline_[EECS2311]_week_10_lab_tasks,lem_Course_Outline_[EECS2311]_week_10_lab_tasks,wt_Course_Outline_[EECS2311]_week_10_study_material,stem_Course_Outline_[EECS2311]_week_10_study_material,lem_Course_Outline_[EECS2311]_week_10_study_material,wt_Course_Outline_[EECS2311]_week_10_weekly_goals,stem_Course_Outline_[EECS2311]_week_10_weekly_goals,lem_Course_Outline_[EECS2311]_week_10_weekly_goals,wt_Course_Outline_[EECS2311]_week_11_due,stem_Course_Outline_[EECS2311]_week_11_due,lem_Course_Outline_[EECS2311]_week_11_due,wt_Course_Outline_[EECS2311]_week_11_lab_tasks,stem_Course_Outline_[EECS2311]_week_11_lab_tasks,lem_Course_Outline_[EECS2311]_week_11_lab_tasks,wt_Course_Outline_[EECS2311]_week_11_study_material,stem_Course_Outline_[EECS2311]_week_11_study_material,lem_Course_Outline_[EECS2311]_week_11_study_material,wt_Course_Outline_[EECS2311]_week_11_weekly_goals,stem_Course_Outline_[EECS2311]_week_11_weekly_goals,lem_Course_Outline_[EECS2311]_week_11_weekly_goals,wt_Course_Outline_[EECS2311]_week_1_due,stem_Course_Outline_[EECS2311]_week_1_due,lem_Course_Outline_[EECS2311]_week_1_due,wt_Course_Outline_[EECS2311]_week_1_lab_tasks,stem_Course_Outline_[EECS2311]_week_1_lab_tasks,lem_Course_Outline_[EECS2311]_week_1_lab_tasks,wt_Course_Outline_[EECS2311]_week_1_study_material,stem_Course_Outline_[EECS2311]_week_1_study_material,lem_Course_Outline_[EECS2311]_week_1_study_material,wt_Course_Outline_[EECS2311]_week_1_weekly_goals,stem_Course_Outline_[EECS2311]_week_1_weekly_goals,lem_Course_Outline_[EECS2311]_week_1_weekly_goals,wt_Course_Outline_[EECS2311]_week_2_lab_tasks,stem_Course_Outline_[EECS2311]_week_2_lab_tasks,lem_Course_Outline_[EECS2311]_week_2_lab_tasks,wt_Course_Outline_[EECS2311]_week_2_study_material,stem_Course_Outline_[EECS2311]_week_2_study_material,lem_Course_Outline_[EECS2311]_week_2_study_material,wt_Course_Outline_[EECS2311]_week_2_weekly_goals,stem_Course_Outline_[EECS2311]_week_2_weekly_goals,lem_Course_Outline_[EECS2311]_week_2_weekly_goals,wt_Course_Outline_[EECS2311]_week_3_lab_tasks,stem_Course_Outline_[EECS2311]_week_3_lab_tasks,lem_Course_Outline_[EECS2311]_week_3_lab_tasks,wt_Course_Outline_[EECS2311]_week_3_study_material,stem_Course_Outline_[EECS2311]_week_3_study_material,lem_Course_Outline_[EECS2311]_week_3_study_material,wt_Course_Outline_[EECS2311]_week_3_weekly_goals,stem_Course_Outline_[EECS2311]_week_3_weekly_goals,lem_Course_Outline_[EECS2311]_week_3_weekly_goals,wt_Course_Outline_[EECS2311]_week_4_lab_tasks,stem_Course_Outline_[EECS2311]_week_4_lab_tasks,lem_Course_Outline_[EECS2311]_week_4_lab_tasks,wt_Course_Outline_[EECS2311]_week_4_study_material,stem_Course_Outline_[EECS2311]_week_4_study_material,lem_Course_Outline_[EECS2311]_week_4_study_material,wt_Course_Outline_[EECS2311]_week_4_weekly_goals,stem_Course_Outline_[EECS2311]_week_4_weekly_goals,lem_Course_Outline_[EECS2311]_week_4_weekly_goals,wt_Course_Outline_[EECS2311]_week_5_study_material,stem_Course_Outline_[EECS2311]_week_5_study_material,lem_Course_Outline_[EECS2311]_week_5_study_material,wt_Course_Outline_[EECS2311]_week_5_weekly_goals,stem_Course_Outline_[EECS2311]_week_5_weekly_goals,lem_Course_Outline_[EECS2311]_week_5_weekly_goals,wt_Course_Outline_[EECS2311]_week_6_due,stem_Course_Outline_[EECS2311]_week_6_due,lem_Course_Outline_[EECS2311]_week_6_due,wt_Course_Outline_[EECS2311]_week_6_lab_tasks,stem_Course_Outline_[EECS2311]_week_6_lab_tasks,lem_Course_Outline_[EECS2311]_week_6_lab_tasks,wt_Course_Outline_[EECS2311]_week_6_weekly_goals,stem_Course_Outline_[EECS2311]_week_6_weekly_goals,lem_Course_Outline_[EECS2311]_week_6_weekly_goals,wt_Course_Outline_[EECS2311]_week_7_due,stem_Course_Outline_[EECS2311]_week_7_due,lem_Course_Outline_[EECS2311]_week_7_due,wt_Course_Outline_[EECS2311]_week_7_lab_tasks,stem_Course_Outline_[EECS2311]_week_7_lab_tasks,lem_Course_Outline_[EECS2311]_week_7_lab_tasks,wt_Course_Outline_[EECS2311]_week_7_weekly_goals,stem_Course_Outline_[EECS2311]_week_7_weekly_goals,lem_Course_Outline_[EECS2311]_week_7_weekly_goals,wt_Course_Outline_[EECS2311]_week_8_lab_tasks,stem_Course_Outline_[EECS2311]_week_8_lab_tasks,lem_Course_Outline_[EECS2311]_week_8_lab_tasks,wt_Course_Outline_[EECS2311]_week_8_study_material,stem_Course_Outline_[EECS2311]_week_8_study_material,lem_Course_Outline_[EECS2311]_week_8_study_material,wt_Course_Outline_[EECS2311]_week_8_weekly_goals,stem_Course_Outline_[EECS2311]_week_8_weekly_goals,lem_Course_Outline_[EECS2311]_week_8_weekly_goals,wt_Course_Outline_[EECS2311]_week_9_due,stem_Course_Outline_[EECS2311]_week_9_due,lem_Course_Outline_[EECS2311]_week_9_due,wt_Course_Outline_[EECS2311]_week_9_lab_tasks,stem_Course_Outline_[EECS2311]_week_9_lab_tasks,lem_Course_Outline_[EECS2311]_week_9_lab_tasks,wt_Course_Outline_[EECS2311]_week_9_study_material,stem_Course_Outline_[EECS2311]_week_9_study_material,lem_Course_Outline_[EECS2311]_week_9_study_material,wt_Course_Outline_[EECS2311]_week_9_weekly_goals,stem_Course_Outline_[EECS2311]_week_9_weekly_goals,lem_Course_Outline_[EECS2311]_week_9_weekly_goals,wt_Debug2311-s1-full,stem_Debug2311-s1-full,lem_Debug2311-s1-full,wt_design,stem_design,lem_design,wt_EECS_2311_Project_[EECS2311]_content,stem_EECS_2311_Project_[EECS2311]_content,lem_EECS_2311_Project_[EECS2311]_content,wt_EECS_2311_Project_[EECS2311]_new_requirements,stem_EECS_2311_Project_[EECS2311]_new_requirements,lem_EECS_2311_Project_[EECS2311]_new_requirements,wt_EECS_2311_Project_[EECS2311]_original_requirements,stem_EECS_2311_Project_[EECS2311]_original_requirements,lem_EECS_2311_Project_[EECS2311]_original_requirements,wt_eecs_2311_team_expectations_agreement,stem_eecs_2311_team_expectations_agreement,lem_eecs_2311_team_expectations_agreement,wt_gitflow,stem_gitflow,lem_gitflow,wt_GitInEclipse-s1-full,stem_GitInEclipse-s1-full,lem_GitInEclipse-s1-full,wt_git,stem_git,lem_git,wt_junit,stem_junit,lem_junit,wt_midtermsubmission,stem_midtermsubmission,lem_midtermsubmission,wt_projintro,stem_projintro,lem_projintro,wt_RefactoringLecture-s1-full,stem_RefactoringLecture-s1-full,lem_RefactoringLecture-s1-full,wt_TestCoverage-s1-full,stem_TestCoverage-s1-full,lem_TestCoverage-s1-full,wt_TestFX-s1-full,stem_TestFX-s1-full,lem_TestFX-s1-full,wt_video1070436446-s1-full,stem_video1070436446-s1-full,lem_video1070436446-s1-full,wt_video1093009770-s1-full,stem_video1093009770-s1-full,lem_video1093009770-s1-full,wt_video1161828255-s1-full,stem_video1161828255-s1-full,lem_video1161828255-s1-full,wt_video1263128755-s1-full,stem_video1263128755-s1-full,lem_video1263128755-s1-full,wt_video1592612799-s1-full,stem_video1592612799-s1-full,lem_video1592612799-s1-full,wt_video1652578959-s1-full,stem_video1652578959-s1-full,lem_video1652578959-s1-full,wt_video1766812555-s1-full,stem_video1766812555-s1-full,lem_video1766812555-s1-full,wt_video1767379574-s1-full,stem_video1767379574-s1-full,lem_video1767379574-s1-full,wt_video1860539589-s1-full,stem_video1860539589-s1-full,lem_video1860539589-s1-full,wt_video2621708691-s1-full,stem_video2621708691-s1-full,lem_video2621708691-s1-full
analyz,0,,1.0,,,,,,,,,,,,,,,,,,,,,,,,,,,,,,,,,,,,,,,,,,,,,,,,,,,,,,,,,,,,,,,,,,,,,,,,,,,,,,,,,,,,,,,,,,,,,,,,,,,,,,,,,,,,,,,,,,,,,,,,,,,,,,,,,,,,,,,,,,,,,,,,,,,,,,,,,,,,,,,,,,,,,,,,,,,,,,,,,,,,,,,,,,,,,,
analyze,1,1.0,,1.0,,,,,,,,,,,,,,,,,,,,,,,,,,,,,,,,,,,,,,,,,,,,,,,,,,,,,,,,,,,,,,,,,,,,,,,,,,,,,,,,,,,,,,,,,,,,,,,,,,,,,,,,,,,,,,,,,,,,,,,,,,,,,,,,,,,,,,,,,,,,,,,,,,,,,,,,,,,,,,,,,,,,,,,,,,,,,,,,,,,,,,,,,,,,,
appli,2,,1.0,,,,,,1.0,,,,,,,,,,,,,,,,,,,,,,,,,,,,,,,,,,,,,,,,,,,,,,,,,,,,,,,,,,,,1.0,,,,,,,,,,,,,,,,,,,,,,,,,,,,,,,,,,,,,,,,,,,,,,,,,,,1.0,,,,,,,,,,,,,,,2.0,,,,,,,,,,,,,,,,,,1.0,,,6.0,,,,,,,,,,,,,,,,,,,,,,,,1.0,,,,,,1.0,,,2.0,,,1.0,
apply,3,1.0,,1.0,,,,,,,,,,,,,,,,,,,,,,,,,,,,,,,,,,,,,,,,,,,,,,,,,,,,,,,,,,,,,,,,,,,,,,,,,,,,,,,,,,,,,,,,,,,,,,,,,,,,,,,,,,,,,,,,,,,1.0,,1.0,,,,,,,,,,,,,2.0,,2.0,,,,,,,,,,,,,,,,1.0,,1.0,4.0,,4.0,,,,,,,,,,,,,,,,,,,,,,1.0,,1.0,,,,1.0,,1.0,1.0,,1.0,,,
apprais,4,,1.0,,,,,,,,,,,,,,,,,,,,,,,,,,,,,,,,,,,,,,,,,,,,,,,,,,,,,,,,,,,,,,,,,,,,,,,,,,,,,,,,,,,,,,,,,,,,,,,,,,,,,,,,,,,,,,,,,,,,,,,,,,,,,,,,,,,,,,,,,,,,,,,,,,,,,,,,,,,,,,,,,,,,,,,,,,,,,,,,,,,,,,,,,,,,,,
appraise,5,1.0,,1.0,,,,,,,,,,,,,,,,,,,,,,,,,,,,,,,,,,,,,,,,,,,,,,,,,,,,,,,,,,,,,,,,,,,,,,,,,,,,,,,,,,,,,,,,,,,,,,,,,,,,,,,,,,,,,,,,,,,,,,,,,,,,,,,,,,,,,,,,,,,,,,,,,,,,,,,,,,,,,,,,,,,,,,,,,,,,,,,,,,,,,,,,,,,,,
argu,6,,1.0,,,,,,,,,,,,,,,,,,,,,,,,,,,,,,,,,,,,,,,,,,,,,,,,,,,,,,,,,,,,,,,,,,,,,,,,,,,,,,,,,,,,,,,,,,,,,,,,,,,,,,,,,,,,,,,,,,,,,,,,,,,,,,,,,,,,,,,,,,,,,,,,,,,,,,,,,,,,,,,,,,,,,,,,,,,,,,,,,,,,,,,,,,2.0,,,,
argue,7,1.0,,1.0,,,,,,,,,,,,,,,,,,,,,,,,,,,,,,,,,,,,,,,,,,,,,,,,,,,,,,,,,,,,,,,,,,,,,,,,,,,,,,,,,,,,,,,,,,,,,,,,,,,,,,,,,,,,,,,,,,,,,,,,,,,,,,,,,,,,,,,,,,,,,,,,,,,,,,,,,,,,,,,,,,,,,,,,,,,,,,,,,,,,,,,,2.0,,2.0,,,
assembl,8,,1.0,,,,,,,,,,,,,,,,,,,,,,,,,,,,,,,,,,,,,,,,,,,,,,,,,,,,,,,,,,,,,,,,,,,,,,,,,,,,,,,,,,,,,,,,,,,,,,,,,,,,,,,,,,,,,,,,,,,,,,,,,,,,,,,,,,,,,,,,,,,,,,,,,,,,,,,,,,,,,,,1.0,,,,,,,,,,,,,,,,,,,,,,,,,,,,,,,
assemble,9,1.0,,1.0,,,,,,,,,,,,,,,,,,,,,,,,,,,,,,,,,,,,,,,,,,,,,,,,,,,,,,,,,,,,,,,,,,,,,,,,,,,,,,,,,,,,,,,,,,,,,,,,,,,,,,,,,,,,,,,,,,,,,,,,,,,,,,,,,,,,,,,,,,,,,,,,,,,,,,,,,,,,,1.0,,1.0,,,,,,,,,,,,,,,,,,,,,,,,,,,,,,
attribut,10,,1.0,,,,,,,,,,,,,,,,,,,,,,,,,,,,,,,,,,,,,,,,,,,,,,,,,,,,,,,,,,,,,,,,,,,,,,,,,,,,,,,,,,,,,,,,,,,,,,,,,,,,,,,,,,,,,,,,,,,,,1.0,,,,,,,,,,,,,,,,,,,,,,,,,,,,,,,,,,,,5.0,,,,,,,,,,,,,,,,,,,,,,,,,,,,,,,,,,,,2.0,
attribute,11,1.0,,1.0,,,,,,,,,,,,,,,,,,,,,,,,,,,,,,,,,,,,,,,,,,,,,,,,,,,,,,,,,,,,,,,,,,,,,,,,,,,,,,,,,,,,,,,,,,,,,,,,,,,,,,,,,,,,,,,,,,,,,1.0,,,,,,,,,,,,,,,,,,,,,,,,,,,,,,,,,,,,5.0,,,,,,,,,,,,,,,,,,,,,,,,,,,,,,,,,,,,2.0
check,12,1.0,1.0,1.0,,,,2.0,2.0,2.0,,,,,,,1.0,1.0,1.0,,,,,,,,,,,,,,,,,,,,,,,,,,,,,,,,,,,,,,,,,,,,,,,,,1.0,1.0,1.0,,,,,,,,,,,,,,,,,,,,,,,,,,,,,,,,,,,,,,,,,,,,,,,,,,,,,,,,,,,,,,,,,,,,,,,,,,,,,,,,,,,,,,,,,,,,,,,,,,,,,,,1.0,1.0,1.0,,,,,,,,,,,,,,1.0,,1.0,1.0,1.0
classifi,13,,2.0,,,,,,,,,,,,,,,,,,,,,,,,,,,,,,,,,,,,,,,,,,,,,,,,,,,,,,,,,,,,,,,,,,,,,,,,,,,,,,,,,,,,,,,,,,,,,,,,,,,,,,,,,,,,,,,,,,,,,,,,,,,,,,,,,,,,,,,,,,,,,,,,,,,,,,,,,,,,,,,,,,,,,,,,,,,,,,,,,,,,,,,,,,,,,,
classify,14,2.0,,2.0,,,,,,,,,,,,,,,,,,,,,,,,,,,,,,,,,,,,,,,,,,,,,,,,,,,,,,,,,,,,,,,,,,,,,,,,,,,,,,,,,,,,,,,,,,,,,,,,,,,,,,,,,,,,,,,,,,,,,,,,,,,,,,,,,,,,,,,,,,,,,,,,,,,,,,,,,,,,,,,,,,,,,,,,,,,,,,,,,,,,,,,,,,,,,
compar,15,,2.0,,,,,,,,,,,,,,,,,,,,,,,,,,,,,,,,,,,,,,,,,,,,,,,,,,,,,,,,,,,,,,,,,,,,,,,,,,,,,,,,,,,,,,,,,,,,,,,,,,,,,,,,,,,,,,,,,,,,,,,,,,,,,,,,,,,,,,,,,,5.0,,,,,,2.0,,,,,,,,,,,,,,,,,,1.0,,,,,,,,,,,,,,,,,,,,,,,,1.0,,,,
compare,16,2.0,,2.0,,,,,,,,,,,,,,,,,,,,,,,,,,,,,,,,,,,,,,,,,,,,,,,,,,,,,,,,,,,,,,,,,,,,,,,,,,,,,,,,,,,,,,,,,,,,,,,,,,,,,,,,,,,,,,,,,,,,,,,,,,,,,,,,,,,,,,,,2.0,,2.0,,,,2.0,,2.0,,,,,,,,,,,,,,,,1.0,,1.0,,,,,,,,,,,,,,,,,,,,,,,,,,,
construct,17,1.0,1.0,1.0,,,,,1.0,,,,,,,,,,,,,,,,,,,,,,,,,,,,,,,,,,,,,,,,,,,,,,,,,,,,,,,,,,,,,,,,,,,,,,,,,,,,,,,,,,,,,,,,,,,,,,,,,,,,,,,,,,,,1.0,,,,,,,,,,,,,,,,,,,,,,,,,,,,,,,,,,,,,,,,,,,,,,,,,,,,,,,,,,,,,,,,,,,,,,,,,,,,
contract,18,1.0,1.0,1.0,,,,,,,,,,,,,,,,,,,,,,,,,,,,,,,,,,,,,,,,,,,,,,,,,,,,,,,,,,,,,,,,,,,,,,,,,,,,,,,,,,,,,,,,,,,,,,,,,,,,,,,,,,,,,,,,,,,,,,,,,,,,,,,,,,,,,,,,,,,,,,,,,,,,,,,,,,,,,,,,,,,,,,1.0,1.0,1.0,,,,,,,,,,,,,,,,,,,,,
convert,19,1.0,1.0,1.0,,,,,,,,,,,,,,,,,,,,,,,,,,,,,,,,,,,,,,,,,,,,,,,,,,,,,,,,,,,,,,,,,,,,,,,,,,,,,,,,,,,,,,,,,,,,,,,,,,,,,,,,,,,,,,,,,,,,,,,,,,1.0,1.0,,,,,1.0,1.0,,,,,,,,,,,,,,,,,,,,,,,,,,,,2.0,2.0,2.0,,,,,,,,,,,,,,,,,,,,,,,,,,1.0,,,,
creat,20,,1.0,,,,,,8.0,,,,,,,,,1.0,,,,,,,,,,,,,,,,,,,,,,,,,,,,,,1.0,,,,,,1.0,,,,,,,,,,,,,,,,,,1.0,,,,,,,,,,,,,,,,,,,,,,,,,,,,,,1.0,,,1.0,,,,,,1.0,,,1.0,,,,,,2.0,,,3.0,,,1.0,,,,,,1.0,,,,,,4.0,,,4.0,,,4.0,,,3.0,,,1.0,,,2.0,,,9.0,,,3.0,,,1.0,,,2.0,,,,,,1.0,,,1.0,,,,,,3.0,,,1.0,,,,,,15.0,,,16.0,
create,21,1.0,,1.0,,,,6.0,,6.0,,,,,,,1.0,,1.0,,,,,,,,,,,,,,,,,,,,,,,,,,,,1.0,,1.0,,,,1.0,,1.0,,,,,,,,,,,,,,,,,,,,,,,,,,,,,,,,,,,,,,,,,,,,,,,,,1.0,,1.0,,,,1.0,,1.0,1.0,,1.0,,,,1.0,,1.0,1.0,,1.0,,,,,,,,,,,,,1.0,,1.0,2.0,,2.0,3.0,,3.0,1.0,,1.0,1.0,,1.0,2.0,,2.0,8.0,,8.0,1.0,,1.0,1.0,,1.0,,,,,,,,,,1.0,,1.0,,,,1.0,,1.0,1.0,,1.0,,,,11.0,,11.0,11.0,,11.0
critic,22,,1.0,,,,,,,,,,,,,,,,,,,,,,,,,,,,,,,,,,,,,,,,,,,,,,,,,,,,,,,,,,,,,,,,,,,,,,,,,,,,,,,,,,,,,,,,,,,,,,,,,,,,,,,,,,,,,,,,,,,,,,,,,,,,,,,,,,,,,,,1.0,,,1.0,,,1.0,,,,,,,,,,,,,,,,,,,,,,,,,,,,,,,,,,,,,,,,,,2.0,,,3.0,,,2.0,
criticize,23,1.0,,1.0,,,,,,,,,,,,,,,,,,,,,,,,,,,,,,,,,,,,,,,,,,,,,,,,,,,,,,,,,,,,,,,,,,,,,,,,,,,,,,,,,,,,,,,,,,,,,,,,,,,,,,,,,,,,,,,,,,,,,,,,,,,,,,,,,,,,,,,,,,,,,,,,,,,,,,,,,,,,,,,,,,,,,,,,,,,,,,,,,,,,,,,,,,,,,
critiqu,24,,1.0,,,,,,,,,,,,,,,,,,,,,,,,,,,,,,,,,,,,,,,,,,,,,,,,,,,,,,,,,,,,,,,,,,,,,,,,,,,,,,,,,,,,,,,,,,,,,,,,,,,,,,,,,,,,,,,,,,,,,,,,,,,,,,,,,,,,,,,,,,,,,,,,,,,,,,,,,,,,,,,,,,,,,,,,,,,,,,,,,,,,,,,,,,,,,,
critique,25,1.0,,1.0,,,,,,,,,,,,,,,,,,,,,,,,,,,,,,,,,,,,,,,,,,,,,,,,,,,,,,,,,,,,,,,,,,,,,,,,,,,,,,,,,,,,,,,,,,,,,,,,,,,,,,,,,,,,,,,,,,,,,,,,,,,,,,,,,,,,,,,,,,,,,,,,,,,,,,,,,,,,,,,,,,,,,,,,,,,,,,,,,,,,,,,,,,,,,
debat,26,,1.0,,,,,,,,,,,,,,,,,,,,,,,,,,,,,,,,,,,,,,,,,,,,,,,,,,,,,,,,,,,,,,,,,,,,,,,,,,,,,,,,,,,,,,,,,,,,,,,,,,,,,,,,,,,,,,,,,,,,,,,,,,,,,,,,,,,,,,,,,,,,,,,,,,,,,,,,,,,,,,,,,,,,,,,,,,,,,,,,,,,,,,,,,,,,,,
debate,27,1.0,,1.0,,,,,,,,,,,,,,,,,,,,,,,,,,,,,,,,,,,,,,,,,,,,,,,,,,,,,,,,,,,,,,,,,,,,,,,,,,,,,,,,,,,,,,,,,,,,,,,,,,,,,,,,,,,,,,,,,,,,,,,,,,,,,,,,,,,,,,,,,,,,,,,,,,,,,,,,,,,,,,,,,,,,,,,,,,,,,,,,,,,,,,,,,,,,,
defend,28,1.0,1.0,1.0,,,,,,,,,,,,,,,,,,,,,,,,,,,,,,,,,,,,,,,,,,,,,,,,,,,,,,,,,,,,,,,,,,,,,,,,,,,,,,,,,,,,,,,,,,,,,,,,,,,,,,,,,,,,,,,,,,,,,,,,,,,,,,,,,,,,,,,,,,,,,,,,,,,,,,,,,,,,,,,,,,,,,,,,,,,,,,,,,,,,,,,,,,,,,
defin,29,,1.0,,,,,,,,,,,,,,,,,,,,,,,,,,,,,,,,,,,,,,,,,,,,,,,,,,,,,,,,,,,,,,,,,,,,,,,,,,,,,,,,,,,,,,,,,,,,,,,,,,,,,,,,,,,,,,,,,,,,,1.0,,,,,,,,,,,,,,,,,,,,,,,,,,,,,,,,,,,,,,,,,,,,,,,,,,,,,,,,,,,,,,,,,,2.0,,,,,,2.0,
define,30,1.0,,1.0,,,,,,,,,,,,,,,,,,,,,,,,,,,,,,,,,,,,,,,,,,,,,,,,,,,,,,,,,,,,,,,,,,,,,,,,,,,,,,,,,,,,,,,,,,,,,,,,,,,,,,,,,,,,,,,,,,,,,,,,,,,,,,,,,,,,,,,,,,,,,,,,,,,,,,,,,,,,,,,,,,,,,,,,,,,,,,,,,,,,,2.0,,2.0,,,,2.0,,2.0
demonstr,31,,1.0,,,,,,6.0,,,,,,,,,,,,,,,,,,,,,,,,,,,,,,1.0,,,1.0,,,,,,1.0,,,,,,,,,2.0,,,,,,,,,,,,,,,1.0,,,,,,,,,,,,,,,,,,,,,,,,,,,,,,,,,,,,,,,,,,,,,,,,,,,,,,,,,,,,,,,,,,,,,2.0,,,,,,,,,,,,1.0,,,,,,1.0,,,1.0,,,,,,,,,,,,,,,,,,,,,,,,,,,1.0,,,,
demonstrate,32,1.0,,1.0,,,,4.0,,4.0,,,,,,,,,,,,,,,,,,,,,,,,,,,,1.0,,1.0,,,,,,,1.0,,1.0,,,,,,,1.0,,1.0,,,,,,,,,,,,,1.0,,1.0,,,,,,,,,,,,,,,,,,,,,,,,,,,,,,,,,,,,,,,,,,,,,,,,,,,,,,,,,,,,,,,,,,,1.0,,1.0,,,,,,,,,,,,,,,,1.0,,1.0,1.0,,1.0,,,,,,,,,,,,,,,,,,,,,,,,,,,,,,
design,33,1.0,1.0,1.0,,,,8.0,8.0,8.0,1.0,1.0,1.0,,,,,,,1.0,1.0,1.0,1.0,1.0,1.0,,,,,,,1.0,1.0,1.0,,,,,,,,,,,,,,,,,,,,,,,,,,,,,,,,,,,,,,,,,,,,,,,,,,,,,,,,,,,,,,,,,,,2.0,2.0,2.0,2.0,2.0,2.0,,,,,,,,,,,,,,,,9.0,9.0,9.0,,,,,,,,,,,3.0,,,,,,1.0,,,,,1.0,1.0,1.0,,,,,1.0,,21.0,23.0,21.0,,,,,,,6.0,6.0,6.0,,,,,,,,,,3.0,4.0,3.0,,,,,1.0,,,,,2.0,4.0,2.0,,,
develop,34,1.0,1.0,1.0,,1.0,,4.0,8.0,4.0,,,,,,,,,,,,,,,,,,,,,,,,,,,,,,,,,,,,,,,,,,,,,,3.0,3.0,3.0,,,,,,,1.0,2.0,1.0,,1.0,,,,,,,,,1.0,,,,,,,,,,,,,,,,,,,,,,,,1.0,,,,,,,,,,,,,,,,,,,,,3.0,,,1.0,,,,,,1.0,,,,,10.0,13.0,10.0,1.0,5.0,1.0,,3.0,,,6.0,,,1.0,,1.0,6.0,1.0,,,,,2.0,,,,,,,,,2.0,,1.0,1.0,1.0,2.0,5.0,2.0,,,,5.0,27.0,5.0,,,,,3.0,,1.0,12.0,1.0,2.0,6.0,2.0
devis,35,,1.0,,,,,,,,,,,,,,,,,,,,,,,,,,,,,,,,,,,,,,,,,,,,,,,,,,,,,,,,,,,,,,,,,,,,,,,,,,,,,,,,,,,,,,,,,,,,,,,,,,,,,,,,,,,,,,,,,,,,,,,,,,,,,,,,,,,,,,,,,,,,,,,,,,,,,,,,,,,,,,,,,,,,,,,,,,,,,,,,,,,,,,,,,,,,,,
devise,36,1.0,,1.0,,,,,,,,,,,,,,,,,,,,,,,,,,,,,,,,,,,,,,,,,,,,,,,,,,,,,,,,,,,,,,,,,,,,,,,,,,,,,,,,,,,,,,,,,,,,,,,,,,,,,,,,,,,,,,,,,,,,,,,,,,,,,,,,,,,,,,,,,,,,,,,,,,,,,,,,,,,,,,,,,,,,,,,,,,,,,,,,,,,,,,,,,,,,,
differenti,37,,1.0,,,,,,,,,,,,,,,,,,,,,,,,,,,,,,,,,,,,,,,,,,,,,,,,,,,,,,,,,,,,,,,,,,,,,,,,,,,,,,,,,,,,,,,,,,,,,,,,,,,,,,,,,,,,,,,,,,,,,,,,,,,,,,,,,,,,,,,,,,,,,,,,,,,,,,,,,,,,,,,,,,,,,,,,,,,,,,,,,,,,,,,,,,,,,,
differentiate,38,1.0,,1.0,,,,,,,,,,,,,,,,,,,,,,,,,,,,,,,,,,,,,,,,,,,,,,,,,,,,,,,,,,,,,,,,,,,,,,,,,,,,,,,,,,,,,,,,,,,,,,,,,,,,,,,,,,,,,,,,,,,,,,,,,,,,,,,,,,,,,,,,,,,,,,,,,,,,,,,,,,,,,,,,,,,,,,,,,,,,,,,,,,,,,,,,,,,,,
discov,39,,1.0,,,,,,,,,,,,,,,,,,,,,,,,,,,,,,,,,,,,,,,,,,,,,,,,,,,,,,,,,,,,,,,,,,,,,,,,,,,,,,,,,,,,,,,,,,,,,,,,,,,,,,,,,,,,,,,,,,,,,,,,,,,,,,,,,,,,,,,1.0,,,,,,,,,,,,,,,,,,,,,3.0,,,,,,2.0,,,,,,,,,,,,,,,,,,,,,,,,,,,,
discover,40,1.0,,1.0,,,,,,,,,,,,,,,,,,,,,,,,,,,,,,,,,,,,,,,,,,,,,,,,,,,,,,,,,,,,,,,,,,,,,,,,,,,,,,,,,,,,,,,,,,,,,,,,,,,,,,,,,,,,,,,,,,,,,,,,,,,,,,,,,,,,,,,,,,,,,,,,,,,,,,,,,,1.0,,1.0,,,,1.0,,1.0,,,,,,,,,,,,,,,,,,,,,,,,,,,
discrimin,41,,1.0,,,,,,,,,,,,,,,,,,,,,,,,,,,,,,,,,,,,,,,,,,,,,,,,,,,,,,,,,,,,,,,,,,,,,,,,,,,,,,,,,,,,,,,,,,,,,,,,,,,,,,,,,,,,,,,,,,,,,,,,,,,,,,,,,,,,,,,,,,,,,,,,,,,,,,,,,,,,,,,,,,,,,,,,,,,,,,,,,,,,,,,,,,,,,,
discriminate,42,1.0,,1.0,,,,,,,,,,,,,,,,,,,,,,,,,,,,,,,,,,,,,,,,,,,,,,,,,,,,,,,,,,,,,,,,,,,,,,,,,,,,,,,,,,,,,,,,,,,,,,,,,,,,,,,,,,,,,,,,,,,,,,,,,,,,,,,,,,,,,,,,,,,,,,,,,,,,,,,,,,,,,,,,,,,,,,,,,,,,,,,,,,,,,,,,,,,,,
discus,43,,,2.0,,,,,,1.0,,,,,,,,,1.0,,,,,,,,,,,,,,,,,,,,,,,,,,,,,,,,,,,,,,,,,,,,,,,,,,,,,,,,,,,,,,,,,,,,,,,,,,,,,,,,,,,,,,,,,,,,,,,,,,,,,,,,,,,,,,,,,,,,,2.0,,,,,,1.0,,,,,,1.0,,,,,,,,,1.0,,,,,,,,,1.0,,,1.0,,,1.0,,,4.0,,,1.0,,,,,,1.0,,,,,,4.0,,,2.0
discuss,44,2.0,2.0,,,,,1.0,5.0,,,,,,,,1.0,1.0,,,,,,2.0,,,,,,,,,,,,,,,,,,,,,,,,,,,,,,,,,,,,,,,,,,,,,,,,,,,,,,,,,2.0,,,,,,,,,,,,,,,,,,,,,,,,,,,,,,,,,,,,,,,,,,,,,,,,,,,,,2.0,3.0,,,,,1.0,1.0,,,,,1.0,1.0,,,2.0,,,,,1.0,2.0,,,,,,,,1.0,2.0,,1.0,1.0,,1.0,2.0,,4.0,6.0,,1.0,1.0,,,2.0,,1.0,11.0,,,,,4.0,7.0,,2.0,7.0,
distinguish,45,1.0,1.0,1.0,,,,,,,,,,,,,,,,,,,,,,,,,,,,,,,,,,,,,,,,,,,,,,,,,,,,,,,,,,,,,,,,,,,,,,,,,,,,,,,,,,,,,,,,,,,,,,,,,,,,,,,,,,,,,,,,,,,,,,,,,,,,,,,,,,,,,,,,,,,,,,,,,,,,,,,,,,,,,,,,,,,,,,,,,,,,,,,,,,,,,,,,,,,,,
dramat,46,,1.0,,,,,,,,,,,,,,,,,,,,,,,,,,,,,,,,,,,,,,,,,,,,,,,,,,,,,,,,,,,,,,,,,,,,,,,,,,,,,,,,,,,,,,,,,,,,,,,,,,,,,,,,,,,,,,,,,,,,,,,,,,,,,,,,,,,,,,,,,,,,,,,,,,,,,,,,,,,,,,,,,,,,,,,,,,,,,,,,,,,,,,,,,,,,,,
dramatize,47,1.0,,1.0,,,,,,,,,,,,,,,,,,,,,,,,,,,,,,,,,,,,,,,,,,,,,,,,,,,,,,,,,,,,,,,,,,,,,,,,,,,,,,,,,,,,,,,,,,,,,,,,,,,,,,,,,,,,,,,,,,,,,,,,,,,,,,,,,,,,,,,,,,,,,,,,,,,,,,,,,,,,,,,,,,,,,,,,,,,,,,,,,,,,,,,,,,,,,
duplic,48,,1.0,,,,,,,,,,,,,,,,,,,,,,,,,,,,,,,,,,,,,,,,,,,,,,,,,,,,,,,,,,,,,,,,,,,,,,,,,,,,,,,,,,,,,,,,,,,,,,,,,,,,,,,,,,,,,,,,,,,,,,,,,,,,,,,,,,,,,,,,,,,,,,,,,,,,,,,,,5.0,,,,,,,,,,,,,,,,,,,,,,,,,,,,,,,,,,,,,
duplicate,49,1.0,,1.0,,,,,,,,,,,,,,,,,,,,,,,,,,,,,,,,,,,,,,,,,,,,,,,,,,,,,,,,,,,,,,,,,,,,,,,,,,,,,,,,,,,,,,,,,,,,,,,,,,,,,,,,,,,,,,,,,,,,,,,,,,,,,,,,,,,,,,,,,,,,,,,,,,,,,,,,,,,,,,,,,,,,,,,,,,,,,,,,,,,,,,,,,,,,,
evalu,50,,2.0,,,,,,2.0,,,,,,,,,,,,,,,,,,,,,,,,,,,,,,,,,,,,,,,,,,,,,,,,,,,,,,,,,,,,,,,,,,,,,,,,,,,,,,,,,,,,,,,,,,,,,,,,,,,1.0,,,,,,,,,,,,,,,,,,1.0,,,,,,,,,,,,,,,,,,,,,,,,1.0,,,2.0,,,,,,,,,,,,,,,,,,,,,,,,1.0,,,1.0,,,,,,6.0,,,1.0,,,4.0,
evaluate,51,2.0,,2.0,,,,,,,,,,,,,,,,,,,,,,,,,,,,,,,,,,,,,,,,,,,,,,,,,,,,,,,,,,,,,,,,,,,,,,,,,,,,,,,,,,,,,,,,,,,,,,,,,,,,,,,,,,,,,,,,,,,,,,,,,,,,,,,,,,,,,,,,,,,,,,,,,,,,,,,,,,,,,,,,,,,,,,,,,,,,,,,,,,,,,2.0,,2.0,1.0,,1.0,1.0,,1.0
execut,52,,1.0,,,4.0,,,,,,,,,,,,,,,,,,,,,,,,,,,,,,,,,,,,,,,,,,,,,,,,,,,,,,,,,,,,,,,,,,,,,,,,,,,,,,,,,,,,,,,,,,,,,,,,,,,,,,,,,,,,,,,,,,12.0,,,,,,,,,,,,,,,,,,,,,,,,,,,11.0,,,,,,1.0,,,,,,6.0,,,,,,,,,,,,,,,1.0,,,,,,,,,,,,1.0,,,,,,,
execute,53,1.0,,1.0,,,,,,,,,,,,,,,,,,,,,,,,,,,,,,,,,,,,,,,,,,,,,,,,,,,,,,,,,,,,,,,,,,,,,,,,,,,,,,,,,,,,,,,,,,,,,,,,,,,,,,,,,,,,,,,,,,,2.0,,2.0,,,,,,,,,,,,,,,,,,,,,,,,,5.0,,5.0,,,,,,,,,,,,,,,,,,,,,,,,,1.0,,1.0,,,,,,,,,,,,,,,,,,
exemplifi,54,,1.0,,,,,,,,,,,,,,,,,,,,,,,,,,,,,,,,,,,,,,,,,,,,,,,,,,,,,,,,,,,,,,,,,,,,,,,,,,,,,,,,,,,,,,,,,,,,,,,,,,,,,,,,,,,,,,,,,,,,,,,,,,,,,,,,,,,,,,,,,,,,,,,,,,,,,,,,,,,,,,,,,,,,,,,,,,,,,,,,,,,,,,,,,,,,,,
exemplify,55,1.0,,1.0,,,,,,,,,,,,,,,,,,,,,,,,,,,,,,,,,,,,,,,,,,,,,,,,,,,,,,,,,,,,,,,,,,,,,,,,,,,,,,,,,,,,,,,,,,,,,,,,,,,,,,,,,,,,,,,,,,,,,,,,,,,,,,,,,,,,,,,,,,,,,,,,,,,,,,,,,,,,,,,,,,,,,,,,,,,,,,,,,,,,,,,,,,,,,
experi,56,,1.0,,,,,,,,,,,,,,,,,,,,,,,,,,,,,,,,,,,,,,,,,,,,,,,,,,,,,,,,,,,,,,,,,,,,,,,,,,,,,,,,,,,,,,,,,,,,,,,,,,,,,,,,,,,,,,,,,,,,,,,,,,,,,,,,,,,,,,,,,,,,,,,,,,,,,,,,,1.0,,,,,,,,,,,,2.0,,,,,,,,,,,,,,,,,,1.0,,,1.0,,,3.0,
experiment,57,1.0,,1.0,,,,,,,,,,,,,,,,,,,,,,,,,,,,,,,,,,,,,,,,,,,,,,,,,,,,,,,,,,,,,,,,,,,,,,,,,,,,,,,,,,,,,,,,,,,,,,,,,,,,,,,,,,,,,,,,,,,,,,,,,,,,,,,,,,,,,,,,,,,,,,,,,,,,,,,,,,,,,,,,,,,,,,,,,,,,,,,,,,,,,,,,,,,,,
explain,58,1.0,1.0,1.0,,,,,,,,,,,,,,,,,,,,,,,,,,,,,,,,,,,,,,,,,,,,,,,,,,,,,,,,,,,,,,,,,,,,,,,,,,,,,,,,,,,,,,,,,,,,,,,,,,,,,,,,,,,,,,,,,,,,,,,,,,,,,,,,,,,,,,,,,,,,,,,,,,1.0,,,,,1.0,3.0,1.0,,,,,,,1.0,1.0,1.0,,,,1.0,1.0,1.0,,,,,,,,,,,,,,,,3.0,3.0,3.0,,,
formul,59,,1.0,,,,,,,,,,,,,,,,,,,,,,,,,,,,,,,,,,,,,,,,,,,,,,,,,,,,,,,,,,,,,,,,,,,,,,,,,,,,,,,,,,,,,,,,,,,,,,,,,,,,,,,,,,,,,,,,,,,,,,,,,,,,,,,,,,,,,,,,,,,,,,,,,,,,,,,,,,,,,,,,,,,,,,,,,,,,,,,,,,,,,,,,,,,,,,
formulate,60,1.0,,1.0,,,,,,,,,,,,,,,,,,,,,,,,,,,,,,,,,,,,,,,,,,,,,,,,,,,,,,,,,,,,,,,,,,,,,,,,,,,,,,,,,,,,,,,,,,,,,,,,,,,,,,,,,,,,,,,,,,,,,,,,,,,,,,,,,,,,,,,,,,,,,,,,,,,,,,,,,,,,,,,,,,,,,,,,,,,,,,,,,,,,,,,,,,,,,
gener,61,,1.0,,,,,,,,,,,,,,,,,,,,,,,,,,,,,,,,,,,,,,,,,,,,,,,,,,,,,,,,,,,,,,,,,,,,,,,,,,,,,,,,,,,,,,,,,,,,,,,,,,,,,,,,,,,,,,,,,,,,,,,,,,,,,,,,,,,,,,,,,,,,,,,,,,,,,,3.0,,,1.0,,,,,,,,,2.0,,,2.0,,,,,,,,,,,,1.0,,,,,,2.0,,,1.0,,,4.0,
generate,62,1.0,,1.0,,,,,,,,,,,,,,,,,,,,,,,,,,,,,,,,,,,,,,,,,,,,,,,,,,,,,,,,,,,,,,,,,,,,,,,,,,,,,,,,,,,,,,,,,,,,,,,,,,,,,,,,,,,,,,,,,,,,,,,,,,,,,,,,,,,,,,,,,,,,,,,,,,,,1.0,,1.0,,,,,,,,,,,,,,,,,,,,,,,,,,,,,,,,,,,,,2.0,,2.0
illustr,63,,1.0,,,,,,,,,,,,,,,,,,,,,,,,,,,,,,,,,,,,,,,,,,,,,,,,,,,,,,,,,,,,,,,,,,,,,,,,,,,,,,,,,,,,,,,,,,,,,,,,,,,,,,,,,,,,,,,,,,,,,,,,,,,,,,,,,,,,,,,,,,,,,,,,,,,,,,,,,,,,,,,,,,,,,,,,,,,,,,,,,,,,,,,,,,,,,,
illustrate,64,1.0,,1.0,,,,,,,,,,,,,,,,,,,,,,,,,,,,,,,,,,,,,,,,,,,,,,,,,,,,,,,,,,,,,,,,,,,,,,,,,,,,,,,,,,,,,,,,,,,,,,,,,,,,,,,,,,,,,,,,,,,,,,,,,,,,,,,,,,,,,,,,,,,,,,,,,,,,,,,,,,,,,,,,,,,,,,,,,,,,,,,,,,,,,,,,,,,,,
implement,65,1.0,1.0,1.0,,,,,4.0,1.0,,,,,,,,,,,,,,,,,,,,,,,1.0,,,,,,,,,,,,,,,,,,,,,,,,,,,,,,,,,,,,,,,,,,,,,,,,,,,,,,,,,,,,,,,,,,,,,,,,2.0,1.0,,,,,,,,,,,1.0,,,,,,,,1.0,1.0,1.0,,,,1.0,1.0,1.0,,,,,,,,,,,,,2.0,4.0,2.0,,2.0,,,,,3.0,6.0,3.0,,,,,,,,1.0,,,,,,,,,,,,,,,2.0,,,,,,1.0,,3.0,7.0,3.0,3.0,3.0,3.0
infer,66,1.0,1.0,1.0,,,,,,,,,,,,,,,,,,,,,,,,,,,,,,,,,,,,,,,,,,,,,,,,,,,,,,,,,,,,,,,,,,,,,,,,,,,,,,,,,,,,,,,,,,,,,,,,,,,,,,,,,,,,,,,,,,,,,,,,,,,,,,,,,,,,,,,,,,,,,,,,,,,,,,,,,,,,,,,,,,,,,,,,,,,,,,,,,,,,,,,,,,,,,
interpret,67,2.0,2.0,2.0,,,,,,,,,,,,,,,,,,,,,,,,,,,,,,,,,,,,,,,,,,,,,,,,,,,,,,,,,,,,,,,,,,,,,,,,,,,,,,,,,,,,,,,,,,,,,,,,,,,,,,,,,,,,,,,,,,,,,,,,,,,,,,,,,,,,,,,,,,,,,,,,,,,,,,,,,,,,,,,,,,,,,,,,,,,,,,,,,,,,,,,,1.0,1.0,1.0,,,
judg,68,,1.0,,,,,,,,,,,,,,,,,,,,,,,,,,,,,,,,,,,,,,,,,,,,,,,,,,,,,,,,,,,,,,,,,,,,,,,,,,,,,,,,,,,,,,,,,,,,,,,,,,,,,,,,,,,,,,,,,,,,,,,,,,,,,,,,,,,,,,,,,,,,,,,,,,,,,,,,,,,,,,,,,,,,,,,,,,,,,,,,,,,,,,,,,,,,,,
judge,69,1.0,,1.0,,,,,,,,,,,,,,,,,,,,,,,,,,,,,,,,,,,,,,,,,,,,,,,,,,,,,,,,,,,,,,,,,,,,,,,,,,,,,,,,,,,,,,,,,,,,,,,,,,,,,,,,,,,,,,,,,,,,,,,,,,,,,,,,,,,,,,,,,,,,,,,,,,,,,,,,,,,,,,,,,,,,,,,,,,,,,,,,,,,,,,,,,,,,,
list,70,1.0,1.0,1.0,,,,5.0,6.0,6.0,,,,,,,,,,,,,,,,,,,,,,,,,,,,,,,1.0,1.0,1.0,,,,,,,,,,,,,,,,,1.0,1.0,,,,,,,,,,,,,,,,,,,,,,,,,,,,,,,,,,,,,,,,2.0,2.0,2.0,,,,,,,,,,2.0,2.0,2.0,,,,,,,1.0,1.0,1.0,,,,,,,,,,9.0,10.0,9.0,,,,,,,,,,4.0,4.0,4.0,,,,,,,5.0,6.0,5.0,,,,,,,,,,,,,,,,1.0,1.0,1.0,,,,,,,,,,2.0,2.0,2.0,1.0,1.0,1.0,2.0,2.0,2.0
measur,71,,1.0,,,,,,,,,,,,,,,,,,,,,,,,,,,,,,,,,,,,,,,,,,,,,,,,,,,,,,,,,,,,,,,,,,,,,,,,,,,,,,,,,,,,,,,,,,,,,,,,,,,,,,,,,,,,,,,,,,,,,,,,,,,3.0,,,3.0,,,,,,,,,,,,,,,,,,,,,,,,,,,,,,,,,,,,1.0,,,1.0,,,8.0,,,1.0,,,,,,,,,1.0,,,,,,,,,,
measure,72,1.0,,1.0,,,,,,,,,,,,,,,,,,,,,,,,,,,,,,,,,,,,,,,,,,,,,,,,,,,,,,,,,,,,,,,,,,,,,,,,,,,,,,,,,,,,,,,,,,,,,,,,,,,,,,,,,,,,,,,,,,,,,,,,,3.0,,3.0,3.0,,3.0,,,,,,,,,,,,,,,,,,,,,,,,,,,,,,,,,,1.0,,1.0,,,,8.0,,8.0,1.0,,1.0,,,,,,,1.0,,1.0,,,,,,,,,
memor,73,,1.0,,,,,,,,,,,,,,,,,,,,,,,,,,,,,,,,,,,,,,,,,,,,,,,,,,,,,,,,,,,,,,,,,,,,,,,,,,,,,,,,,,,,,,,,,,,,,,,,,,,,,,,,,,,,,,,,,,,,,,,,,,,,,,,,,,,,,,,,,,,,,,,,,,,,,,,,,,,,,,,,,,,,,,,,,,,,,,,,,,,,,,,,,,,,,,
memorize,74,1.0,,1.0,,,,,,,,,,,,,,,,,,,,,,,,,,,,,,,,,,,,,,,,,,,,,,,,,,,,,,,,,,,,,,,,,,,,,,,,,,,,,,,,,,,,,,,,,,,,,,,,,,,,,,,,,,,,,,,,,,,,,,,,,,,,,,,,,,,,,,,,,,,,,,,,,,,,,,,,,,,,,,,,,,,,,,,,,,,,,,,,,,,,,,,,,,,,,
organ,75,,2.0,,,,,,5.0,,,,,,,,,,,,,,,,,,,,,,,,,,,,,,,,,,,,,,,,,,,,,,,,1.0,,,2.0,,,1.0,,,,,,,,,,,,,,,,,,,,,,,,,,,,,,,,,,,,,,,,,,,,,,,,,,,,,,,,,,,,,,,1.0,,,,,,,,,,,,,,,,,,,,,,,,1.0,,,,,,3.0,,,,,,,,,,,,,,,3.0,,,,,,1.0,,,5.0,,,,,,,,,,,,1.0,
organize,76,2.0,,2.0,,,,3.0,,3.0,,,,,,,,,,,,,,,,,,,,,,,,,,,,,,,,,,,,,,,,,,,,,,1.0,,1.0,1.0,,1.0,1.0,,1.0,,,,,,,,,,,,,,,,,,,,,,,,,,,,,,,,,,,,,,,,,,,,,,,,,,,,,,,,,,,,,,,,,,,,,,,,,,,,,,,,,,,,,,,,,,,2.0,,2.0,,,,,,,,,,,,,2.0,,2.0,,,,,,,4.0,,4.0,,,,,,,,,,,,
paraphras,77,,1.0,,,,,,,,,,,,,,,,,,,,,,,,,,,,,,,,,,,,,,,,,,,,,,,,,,,,,,,,,,,,,,,,,,,,,,,,,,,,,,,,,,,,,,,,,,,,,,,,,,,,,,,,,,,,,,,,,,,,,,,,,,,,,,,,,,,,,,,,,,,,,,,,,,,,,,,,,,,,,,,,,,,,,,,,,,,,,,,,,,,,,,,,,,,,,,
paraphrase,78,1.0,,1.0,,,,,,,,,,,,,,,,,,,,,,,,,,,,,,,,,,,,,,,,,,,,,,,,,,,,,,,,,,,,,,,,,,,,,,,,,,,,,,,,,,,,,,,,,,,,,,,,,,,,,,,,,,,,,,,,,,,,,,,,,,,,,,,,,,,,,,,,,,,,,,,,,,,,,,,,,,,,,,,,,,,,,,,,,,,,,,,,,,,,,,,,,,,,,
plan,79,1.0,1.0,1.0,,,,,1.0,1.0,,,,,1.0,1.0,,,,,,,,,,,,,,,,,,,,,,,,,,,,,,,,,,,,,,,,,,,,,,,,,,,,,,,,,,,,,,,,,,,,,,,,,,,,,,,,,,,,,,,,,,,,,,,,,,,,,,,,,,,,,,,,,,,,,,,,,,,,,,,,,,,,,,,,1.0,1.0,1.0,,,,,,,,,,,,,1.0,1.0,1.0,,1.0,,1.0,1.0,1.0,,,,,,,,,,,,,2.0,3.0,2.0,1.0,1.0,1.0
prepar,80,,1.0,,,,,,8.0,,,,,,,,,,,,,,,,,,,,,,,,1.0,,,,,,,,,,,,1.0,,,,,,,,,,,,,,,,,,,,,,,,,,,,,,,,,,,,,,,,,,1.0,,,,,,,,,1.0,,,2.0,,,,,,1.0,,,1.0,,,,,,,,,,,,,,,,,,,,,,,,,,,,,,,,,,,,,,,,,,,,,1.0,,,,,,,,,,,,,,,,,,,,,1.0,,,,,,,,,1.0,,,,,,1.0,,,3.0,
prepare,81,1.0,,1.0,,,,4.0,,4.0,,,,,,,,,,,,,,,,,,,,,,1.0,,1.0,,,,,,,,,,1.0,,1.0,,,,,,,,,,,,,,,,,,,,,,,,,,,,,,,,,,,,,,,,1.0,,1.0,,,,,,,1.0,,1.0,,,,,,,,,,,,,,,,,,,,,,,,,,,,,,,,,,,,,,,,,,,,,,,,,,,,,,,,,,,,,,,,,,,,,,,,,,,,1.0,,1.0,,,,,,,1.0,,1.0,,,,1.0,,1.0,2.0,,2.0
produc,82,,1.0,,,,,,2.0,,,,,,,,,,,,,,,,,,,,,,,,,,,,,,,,,,,,,,,,,,,,,,,,,,,,,,,,,,,,,,,,,,,,,,,,,,,,,,,,,,,,,,,,,,,,,,,,1.0,,,,,,,,,,,,1.0,,,,,,,,,,,,,,,,,,,,,,,,,,,,,,,,,,,,,,,,,,,,,,,,1.0,,,,,,,,,1.0,,,,,,,,,,,,,,,5.0,,,3.0,
produce,83,1.0,,1.0,,,,2.0,,2.0,,,,,,,,,,,,,,,,,,,,,,,,,,,,,,,,,,,,,,,,,,,,,,,,,,,,,,,,,,,,,,,,,,,,,,,,,,,,,,,,,,,,,,,,,,,,,,1.0,,1.0,,,,,,,,,,1.0,,1.0,,,,,,,,,,,,,,,,,,,,,,,,,,,,,,,,,,,,,,,,,,,,,,,,1.0,,,,,,,,,,,,,,,,,,,,,,3.0,,3.0,3.0,,3.0
question,84,1.0,1.0,1.0,,,,,5.0,5.0,,,,,,,,,,,,,,,,,1.0,1.0,,,,,,,,1.0,1.0,,,,,,,,1.0,1.0,,,,,,,,,,,,,,,,,,,,,,,,,,,,,,,,,,,,,,1.0,1.0,,,,,,,,1.0,1.0,,,,,,,,,,,,,,,,,,,,,,,,,,,,,,,,,,,,,,,,,,,,,,1.0,1.0,1.0,,,,,,,,,,,1.0,1.0,1.0,1.0,1.0,,,,,,,6.0,15.0,15.0,3.0,9.0,9.0,8.0,17.0,17.0,5.0,13.0,13.0,,4.0,4.0,9.0,20.0,20.0,9.0,17.0,17.0,7.0,12.0,12.0,26.0,67.0,67.0,7.0,27.0,27.0
rearrang,85,,1.0,,,,,,,,,,,,,,,,,,,,,,,,,,,,,,,,,,,,,,,,,,,,,,,,,,,,,,,,,,,,,,,,,,,,,,,,,,,,,,,,,,,,,,,,,,,,,,,,,,,,,,,,,,,,,,,,,,,,,,,,,,,,,,,,,,,,,,,,,,,,,,,,,,,,,,1.0,,,,,,,,,,,,,,,,,,,,,,,,,,,,,,,,,1.0,,,,,,2.0,
rearrange,86,1.0,,1.0,,,,,,,,,,,,,,,,,,,,,,,,,,,,,,,,,,,,,,,,,,,,,,,,,,,,,,,,,,,,,,,,,,,,,,,,,,,,,,,,,,,,,,,,,,,,,,,,,,,,,,,,,,,,,,,,,,,,,,,,,,,,,,,,,,,,,,,,,,,,,,,,,,,,1.0,,1.0,,,,,,,,,,,,,,,,,,,,,,,,,,,,,,,1.0,,1.0,,,,1.0,,1.0
recal,87,,1.0,,,,,,,,,,,,,,,,,,,,,,,,,,,,,,,,,,,,,,,,,,,,,,,,,,,,,,,,,,,,,,,,,,,,,,,,,,,,,,,,,,,,,,,,,,,,,,,,,,,,,,,,,,,,,,,,,,,,,,,,,,,,,,,,,,,,,,,,,,,,,,,,,,,,,,,,,,,,,,,,,,,,,,,,,,,,,,,,,,,,,,,,,,,,,,
recall,88,1.0,,1.0,,,,,,,,,,,,,,,,,,,,,,,,,,,,,,,,,,,,,,,,,,,,,,,,,,,,,,,,,,,,,,,,,,,,,,,,,,,,,,,,,,,,,,,,,,,,,,,,,,,,,,,,,,,,,,,,,,,,,,,,,,,,,,,,,,,,,,,,,,,,,,,,,,,,,,,,,,,,,,,,,,,,,,,,,,,,,,,,,,,,,,,,,,,,,
recogn,89,,1.0,,,,,,,,,,,,,,,,,,,,,,,,,,,,,,,,,,,,,,,,,,,,,,,,,,,,,,,,,,,,,,,,,,,,,,,,,,,,,,,,,,,,,,,,,,,,,,,,,,,,,,,,,,,,,,,,,,,,,,,,,,,,,,,,,,,,,,,,,,,,,,,,,,,,,,,,,1.0,,,,,,1.0,,,,,,,,,,,,,,,,,,1.0,,,,,,,,,2.0,,,,
recognize,90,1.0,,1.0,,,,,,,,,,,,,,,,,,,,,,,,,,,,,,,,,,,,,,,,,,,,,,,,,,,,,,,,,,,,,,,,,,,,,,,,,,,,,,,,,,,,,,,,,,,,,,,,,,,,,,,,,,,,,,,,,,,,,,,,,,,,,,,,,,,,,,,,,,,,,,,,,,,,,,,,,,,,,,,,,,,,,,,,,,,,,,,1.0,,1.0,,,,,,,2.0,,2.0,,,
rememb,91,,1.0,,,,,,2.0,,,,,,,,,,,,,,,,,,,,,,,,,,,,,,,,,,,,,,,,,,,,,,,,1.0,,,1.0,,,,,,,,,,,,,,,,,,,,,,,,,,,,,,,,,,,,,,,,,,,,,,,,,,,,,,,,,,,,,,,,,,,,,,,,,,,,,,,,,,,,,,,,,,,,,,,,,,,,,,,,,,,,,,,1.0,,,,,,,,,,,,,,,,,,,,,,
remember,92,1.0,,1.0,,,,2.0,,2.0,,,,,,,,,,,,,,,,,,,,,,,,,,,,,,,,,,,,,,,,,,,,,,1.0,,1.0,1.0,,1.0,,,,,,,,,,,,,,,,,,,,,,,,,,,,,,,,,,,,,,,,,,,,,,,,,,,,,,,,,,,,,,,,,,,,,,,,,,,,,,,,,,,,,,,,,,,,,,,,,,,,,,,,,,,,,1.0,,1.0,,,,,,,,,,,,,,,,,,,,,
repeat,93,1.0,1.0,1.0,,,,,,,,,,,,,,,,,,,,,,,,,,,,,,,,,,,,,,,,,,,,,,,,,,,,,,,,,,,,,,,,,,,,,,,,,,,,,,,,,,,,,,,,,,,,,,,,,,,,,,,,,,,,,,,,,,,,,,,,,,1.0,1.0,,1.0,1.0,,,,,,,,,,,,,,,,1.0,3.0,1.0,,,,,,,,,,,,,,,,,,,,,,,,,,,,,,,,,,,,,2.0,2.0,2.0,1.0,2.0,1.0,1.0,1.0,1.0
reproduc,94,,1.0,,,,,,,,,,,,,,,,,,,,,,,,,,,,,,,,,,,,,,,,,,,,,,,,,,,,,,,,,,,,,,,,,,,,,,,,,,,,,,,,,,,,,,,,,,,,,,,,,,,,,,,,,,,,,,,,,,,,,,,,,,,,,,,,,,,,,,,,,,,,,,,,,,,,,,,,,,,,,,,,,,,,,,,,,,,,,,,,,,,,,,,,,,,,,,
reproduce,95,1.0,,1.0,,,,,,,,,,,,,,,,,,,,,,,,,,,,,,,,,,,,,,,,,,,,,,,,,,,,,,,,,,,,,,,,,,,,,,,,,,,,,,,,,,,,,,,,,,,,,,,,,,,,,,,,,,,,,,,,,,,,,,,,,,,,,,,,,,,,,,,,,,,,,,,,,,,,,,,,,,,,,,,,,,,,,,,,,,,,,,,,,,,,,,,,,,,,,
retriev,96,,1.0,,,,,,,,,,,,,,,,,,,,,,,,,,,,,,,,,,,,,,,,,,,,,,,,,,,,,,,,,,,,,,,,,,,,,,,,,,,,,,,,,,,,,,,,,,,,,,,,,,,,,,,,,,,,,,,,,,,,,,,,,,,,,,,,,,,,,,,,,,,,,,,,,,,,,,,,,,,,,,,,,,,,,,,,,,,,,,,,,,,,,,,,,,,,,,
retrieve,97,1.0,,1.0,,,,,,,,,,,,,,,,,,,,,,,,,,,,,,,,,,,,,,,,,,,,,,,,,,,,,,,,,,,,,,,,,,,,,,,,,,,,,,,,,,,,,,,,,,,,,,,,,,,,,,,,,,,,,,,,,,,,,,,,,,,,,,,,,,,,,,,,,,,,,,,,,,,,,,,,,,,,,,,,,,,,,,,,,,,,,,,,,,,,,,,,,,,,,
rewrit,98,,1.0,,,,,,,,,,,,,,,,,,,,,,,,,,,,,,,,,,,,,,,,,,,,,,,,,,,,,,,,,,,,,,,,,,,,,,,,,,,,,,,,,,,,,,,,,,,,,,,,,,,,,,,,,,,,,,,,,,,,,,,,,,,,,,,,,,,,,,,,,,,,,,,,,,,,,,,,,,,,,,,,,,,,,,,,,,,,,,,,,,,,,,,,,,,,,,
rewrite,99,1.0,,1.0,,,,,,,,,,,,,,,,,,,,,,,,,,,,,,,,,,,,,,,,,,,,,,,,,,,,,,,,,,,,,,,,,,,,,,,,,,,,,,,,,,,,,,,,,,,,,,,,,,,,,,,,,,,,,,,,,,,,,,,,,,,,,,,,,,,,,,,,,,,,,,,,,,,,,,,,,,,,,,,,,,,,,,,,,,,,,,,,,,,,,,,,,,,,,
select,100,1.0,1.0,1.0,,,,1.0,1.0,1.0,,,,,,,,,,,,,,,,,,,,,,,,,,,,,,,,,,,,,,,,,,,,,,,,,,,,,,,,,,,,,,,,,,,,,,,,,,,,,,,,,,,,,,,,,,,1.0,1.0,1.0,,,,,,,,,,,,,,,,2.0,2.0,2.0,1.0,1.0,1.0,1.0,1.0,1.0,1.0,1.0,1.0,,,,,,,,,,1.0,1.0,1.0,,1.0,,,,,,,,6.0,6.0,6.0,,,,,,,1.0,1.0,1.0,,,,,,,,,,,,,,,,,,,,,,,1.0,,,2.0,,4.0,6.0,4.0
solv,101,,1.0,,,,,,,,,,,,,,,,,,,,,,,,,,,,,,,,,,,,,,,,,,,,,,,,,,,,,,,,,,,,,,,,,,,,,,,,,,,,,,,,,,,,,,,,,,,,,,,,,,,,,,,,,,,,,,,,,,,,,,,,,,,,,,,,,,,,,,,,,,,,,,,,,,,,,,,,,,,,,,,,,,,,,,,,,,,,,,,,,,,,,,,,,,,,,,
solve,102,1.0,,1.0,,,,,,,,,,,,,,,,,,,,,,,,,,,,,,,,,,,,,,,,,,,,,,,,,,,,,,,,,,,,,,,,,,,,,,,,,,,,,,,,,,,,,,,,,,,,,,,,,,,,,,,,,,,,,,,,,,,,,,,,,,,,,,,,,,,,,,,,,,,,,,,,,,,,,,,,,,,,,,,,,,,,,,,,,,,,,,,,,,,,,,,,,,,,,
summar,103,,1.0,,,,,,,,,,,,,,,,,,,,,,,,,,,,,,,,,,,,,,,,,,,,,,,,,,,,,,,,,,,,,,,,,,,,,,,,,,,,,,,,,,,,,,,,,,,,,,,,,,,,,,,,,,,,,,,,,,,,,,,,,,,,,,,,,,,,,,,,,,,,,,,,,,,,,,,,,,,,,,,,,,,,,,,,,,,,,,,,,1.0,,,,,,,,,,,,,
summarize,104,1.0,,1.0,,,,,,,,,,,,,,,,,,,,,,,,,,,,,,,,,,,,,,,,,,,,,,,,,,,,,,,,,,,,,,,,,,,,,,,,,,,,,,,,,,,,,,,,,,,,,,,,,,,,,,,,,,,,,,,,,,,,,,,,,,,,,,,,,,,,,,,,,,,,,,,,,,,,,,,,,,,,,,,,,,,,,,,,,,,,,,,,,,,,,,,,,,,,,
support,105,1.0,1.0,1.0,,,,1.0,1.0,1.0,,,,,,,,,,,,,,,,,,,,,,,,,,,,,,,,,,,,,,,,,,,,,,,,,,,,,,,,,,,,,,,,,,,,,,,,,,,,,,,,,,,,,,,,,,,1.0,1.0,1.0,,,,,,,,,,,,,,,,,,,,1.0,1.0,1.0,2.0,1.0,1.0,2.0,1.0,,,,,,,,,,,,,2.0,3.0,2.0,,,,,,,,,,,,,,,,,,,,,,,,,,,,,,,,,,,,,,,,,,,,,,,,
test,106,1.0,1.0,1.0,4.0,12.0,4.0,9.0,22.0,12.0,,,,,,,4.0,7.0,5.0,,1.0,,,,,,,,,,,,1.0,,,,,,,,,,,,,,,,,,,,,,,,,,,,,,,,3.0,4.0,4.0,,2.0,,1.0,3.0,2.0,,,,1.0,2.0,1.0,,,,,,,,,,,,,,,,,,,,,,,,,,,,,,,,,,,2.0,,,,,,,,,,,,,,,,,,,,1.0,1.0,1.0,,,,,,,,,,49.0,66.0,58.0,3.0,5.0,3.0,,1.0,1.0,,,,23.0,48.0,31.0,24.0,39.0,30.0,2.0,5.0,2.0,,,,,,,,,,,1.0,,5.0,11.0,5.0,,1.0,,,,,2.0,4.0,2.0,2.0,5.0,5.0
understand,107,1.0,1.0,1.0,,,,5.0,5.0,5.0,,,,,,,,,,,,,,,,,,,,,,,,,,,,,,,,,,1.0,1.0,1.0,,,,1.0,1.0,1.0,1.0,1.0,1.0,,,,,,,1.0,1.0,1.0,,,,,,,1.0,1.0,1.0,,,,,,,,,,,,,,,,,,,,,,,,,,,,,,,,,,,,,,,,,,,,,,1.0,1.0,1.0,,,,,1.0,,,,,,1.0,,,1.0,,,,,,,,,,,,,,1.0,1.0,1.0,,,,4.0,7.0,4.0,,,,,,,,,,1.0,1.0,1.0,,,,3.0,5.0,3.0,1.0,1.0,1.0,3.0,3.0,3.0,1.0,1.0,1.0,2.0,2.0,2.0,14.0,17.0,14.0,4.0,5.0,4.0
use,108,1.0,1.0,1.0,1.0,4.0,1.0,14.0,22.0,14.0,,,,,,,1.0,1.0,1.0,,,,,1.0,,,,,,1.0,,,,,,,,,,,1.0,1.0,1.0,,,,,,,4.0,6.0,4.0,1.0,1.0,1.0,,,,,,,,,,,,,2.0,2.0,2.0,,,,,1.0,,1.0,1.0,1.0,,1.0,,,,,,,,1.0,2.0,1.0,,,,,,,,,,2.0,3.0,2.0,,,,,,,,,,1.0,1.0,1.0,,,,6.0,11.0,6.0,,2.0,,1.0,4.0,1.0,,,,1.0,3.0,1.0,6.0,7.0,6.0,2.0,3.0,2.0,1.0,2.0,1.0,1.0,3.0,1.0,1.0,7.0,1.0,2.0,2.0,2.0,6.0,8.0,6.0,5.0,8.0,5.0,7.0,12.0,7.0,7.0,13.0,7.0,,4.0,,1.0,4.0,1.0,4.0,6.0,4.0,5.0,9.0,5.0,1.0,2.0,1.0,7.0,12.0,7.0,1.0,1.0,1.0,2.0,3.0,2.0,26.0,56.0,26.0,27.0,48.0,27.0
verifi,109,,1.0,,,,,,,,,,,,,,,,,,,,,,,,,,,,,,,,,,,,,,,,,,,,,,,,,,,,,,,,,,,,,,,,,,,,,,,,,,,,,,,,,,,,,,,,,,,,,,,,,,,,,,,,,,,,,,,,,,,,,,,,,,,,,,,,,,,,,,,,,,,,,,,,,,,,,,,,,,,,,,,3.0,,,,,,,,,,,,,,,,,,,,,,,,,,,,,,,
verify,110,1.0,,1.0,,,,,,,,,,,,,,,,,,,,,,,,,,,,,,,,,,,,,,,,,,,,,,,,,,,,,,,,,,,,,,,,,,,,,,,,,,,,,,,,,,,,,,,,,,,,,,,,,,,,,,,,,,,,,,,,,,,,,,,,,,,,,,,,,,,,,,,,,,,,,,,,,,,,,,,,,,,,,3.0,,3.0,,,,,,,,,,,,,,,,,,,,,,,,,,,,,,
